{
    "properties": {
        "OktaAccess": {
            "$ref": "#/definitions/OktaAccess"
        }
    },
    "additionalProperties": false,
    "definitions": {
        "OktaAccess": {
            "type": "object",
            "properties": {
                "Url": {
                    "type": "string",
                    "description": "Okta URL, including organization identifier"
                },
                "ApiKey": {
                    "type": "string",
                    "description": "Okta API tokens are used to authenticate requests to Okta APIs."
                }
            },
            "additionalProperties": false
        },
        "Profile": {
            "type": "object",
            "properties": {
                "Name": {
                    "type": "string",
                    "description": "Name of the Group"
                },
                "Description": {
                    "type": "string",
                    "description": "Description of the Group"
                }
            },
            "additionalProperties": false,
            "required": [
                "Name"
            ]
        },
        "Group": {
            "type": "object",
            "properties": {
                "Id": {
                    "type": "string",
                    "description": "Unique key for Group"
                },
                "Profile": {
                    "$ref": "#/definitions/Profile"
                }
            },
            "additionalProperties": false
        }
    },
    "typeName": "Okta::Group::Group"
}